USE All_Levels;

SET AUTOCOMMIT=0;
INSERT INTO SMF VALUES ('001','Gujarat',5000000.00,3000000.00);
COMMIT;



SET AUTOCOMMIT=0;
INSERT INTO DMU VALUES ('GUJAND','Anand',90000.00,7),
('GUJSUR','Surat',70000.00,7),
('GUJKUT','Kutch',30000.00,7);
COMMIT;


SET AUTOCOMMIT=0;
INSERT INTO Batch VALUES ('BAT001','GUJSUR',10,1000.00,'GUJKUT'),
('BAT002','GUJSUR',20,2000.00,'GUJAND'),
('BAT003','GUJSUR',30,4000.00,'GUJAND'),
('BAT004','GUJAND',40,9000.00,'GUJAND'),
('BAT005','GUJAND',50,10000.00,'GUJSUR'),
('BAT006','GUJKUT',20,3000.00,'GUJSUR');
COMMIT;

SET AUTOCOMMIT=0;
INSERT INTO Retailers VALUES ('RET001','AMUL','GUJAND',50,30000.00,'001'),
('RET002','SHREEJI STORES','GUJSUR',50,30000.00,'001'),
('RET003','BIG BAZAAR','GUJSUR',100,100000.00,'001'),
('RET004','KRISHNA GROCERIES','GUJAND',25,30000.00,'001'),
('RET005','YADAV GENERAL STORE','GUJKUT',15,10000.00,'001'),
('RET006','SHREE KUBER STORE','GUJSUR',25,30000.00,'001');
COMMIT;

SET AUTOCOMMIT=0;
INSERT INTO VDCS VALUES ('SURBVS',0,5000.00,10,'Bhuvasan'),
('SURSVN',5,5000.00,10,'Sevni'),
('SURLJP',3,5000.00,10,'Lajpor'),
('SURNNN',2,5000.00,10,'Nani Naroli'),
('SURUMP',1,5000.00,10,'Umarpada'),
('KUTBPD',0,5000.00,10,'Bharapur Dufiwali'),
('KUTKVD',5,5000.00,10,'Khavda'),
('KUTMDP',3,5000.00,10,'Madhapar'),
('KUTMND',2,5000.00,10,'Mundra'),
('KUTNKT',1,5000.00,10,'Nakhatrana'),
('ANDBDR',0,5000.00,10,'Bhadran'),
('ANDCNG',5,5000.00,10,'Changa'),
('ANDISN',3,5000.00,10,'Isnav'),
('ANDLNJ',2,5000.00,10,'Lunej'),
('ANDVTV',1,5000.00,10,'Vatav');
COMMIT;

SET AUTOCOMMIT=0;
INSERT INTO Dairy_Farmer VALUES ('FIC001',10,30,0),
('FIC002',20,30,0),
('FIC003',30,30,0),
('FIC004',40,30,0),
('FIC005',50,30,0),
('FIC011',10,30,0),
('FIC012',20,30,0),
('FIC013',30,30,0),
('FIC014',40,30,0),
('FIC015',50,30,0),
('FIC021',10,30,0),
('FIC022',20,30,0),
('FIC023',30,30,0),
('FIC024',40,30,0),
('FIC025',50,30,0),
('FIC031',10,30,0),
('FIC032',20,30,0),
('FIC033',30,30,0),
('FIC034',40,30,0),
('FIC035',50,30,0),
('FIC041',10,30,0),
('FIC042',20,30,0),
('FIC043',30,30,0),
('FIC044',40,30,0),
('FIC045',50,30,0),
('FIC101',10,30,0),
('FIC102',20,30,0),
('FIC103',30,30,0),
('FIC104',40,30,0),
('FIC105',50,30,0),
('FIC111',10,30,0),
('FIC112',20,30,0),
('FIC113',30,30,0),
('FIC114',40,30,0),
('FIC115',50,30,0),
('FIC121',10,30,0),
('FIC122',20,30,0),
('FIC123',30,30,0),
('FIC124',40,30,0),
('FIC125',50,30,0),
('FIC131',10,30,0),
('FIC132',20,30,0),
('FIC133',30,30,0),
('FIC134',40,30,0),
('FIC135',50,30,0),
('FIC141',10,30,0),
('FIC142',20,30,0),
('FIC143',30,30,0),
('FIC144',40,30,0),
('FIC145',50,30,0),
('FIC201',10,30,0),
('FIC202',20,30,0),
('FIC203',30,30,0),
('FIC204',40,30,0),
('FIC205',50,30,0),
('FIC211',10,30,0),
('FIC212',20,30,0),
('FIC213',30,30,0),
('FIC214',40,30,0),
('FIC215',50,30,0),
('FIC221',10,30,0),
('FIC222',20,30,0),
('FIC223',30,30,0),
('FIC224',40,30,0),
('FIC225',50,30,0),
('FIC231',10,30,0),
('FIC232',20,30,0),
('FIC233',30,30,0),
('FIC234',40,30,0),
('FIC235',50,30,0),
('FIC241',10,30,0),
('FIC242',20,30,0),
('FIC243',30,30,0),
('FIC244',40,30,0),
('FIC245',50,30,0);
COMMIT;

SET AUTOCOMMIT=0;
INSERT INTO PW VALUES ('PW001','2022-12-31',20000.00,'GUJSUR'),
('PW002','2022-12-31',20000.00,'GUJSUR'),
('PW003','2022-12-31',20000.00,'GUJSUR'),
('PW004','2022-12-31',20000.00,'GUJSUR'),
('PW005','2022-12-31',20000.00,'GUJSUR'),
('PW006','2022-12-31',20000.00,'GUJSUR'),
('PW007','2022-12-31',20000.00,'GUJSUR'),
('PW008','2022-12-31',20000.00,'GUJSUR'),
('PW009','2022-12-31',20000.00,'GUJSUR'),
('PW010','2022-12-31',20000.00,'GUJSUR'),
('PW011','2023-01-31',20000.00,'GUJKUT'),
('PW012','2023-01-31',20000.00,'GUJKUT'),
('PW013','2023-01-31',20000.00,'GUJKUT'),
('PW014','2023-01-31',20000.00,'GUJKUT'),
('PW015','2023-01-31',20000.00,'GUJKUT'),
('PW016','2023-01-31',20000.00,'GUJKUT'),
('PW017','2023-01-31',20000.00,'GUJKUT'),
('PW018','2023-01-31',20000.00,'GUJKUT'),
('PW019','2023-01-31',20000.00,'GUJKUT'),
('PW020','2023-01-31',20000.00,'GUJKUT'),
('PW021','2023-02-01',20000.00,'GUJAND'),
('PW022','2023-02-01',20000.00,'GUJAND'),
('PW023','2023-02-01',20000.00,'GUJAND'),
('PW024','2023-02-01',20000.00,'GUJAND'),
('PW025','2023-02-01',20000.00,'GUJAND'),
('PW026','2023-02-01',20000.00,'GUJAND'),
('PW027','2023-02-01',20000.00,'GUJAND'),
('PW028','2023-02-01',20000.00,'GUJAND'),
('PW029','2023-02-01',20000.00,'GUJAND'),
('PW030','2023-02-01',20000.00,'GUJAND');
COMMIT;

SET AUTOCOMMIT=0;
INSERT INTO VAHP VALUES ('VAH001','2023-02-01',10000.00,'GUJSUR'),
('VAH002','2023-02-01',10000.00,'GUJSUR'),
('VAH003','2023-02-01',10000.00,'GUJSUR'),
('VAH004','2023-02-01',10000.00,'GUJSUR'),
('VAH005','2023-02-01',10000.00,'GUJSUR'),
('VAH006','2023-02-01',10000.00,'GUJKUT'),
('VAH007','2023-02-01',10000.00,'GUJKUT'),
('VAH008','2023-02-01',10000.00,'GUJKUT'),
('VAH009','2023-02-01',10000.00,'GUJKUT'),
('VAH010','2023-02-01',10000.00,'GUJKUT'),
('VAH011','2023-02-01',10000.00,'GUJAND'),
('VAH012','2023-02-01',10000.00,'GUJAND'),
('VAH013','2023-02-01',10000.00,'GUJAND'),
('VAH014','2023-02-01',10000.00,'GUJAND'),
('VAH015','2023-02-01',10000.00,'GUJAND');
COMMIT;

SET AUTOCOMMIT=0;
INSERT INTO AADHAR_CARD VALUES ('123456789001','KSHITIJ SHARMA',40,'M','3456789001','xyz','9999999999999999','Bhuvasan','Bhuvasan'),
('123456789002','IKHLAS KHAN',40,'M','3456789002','xyz','9999999999999998','Bhuvasan','Bhuvasan'),
('123456789003','SHWETA SINGH',40,'F','3456789003','xyz','9999999999999997','Bhuvasan','Bhuvasan'),
('123456789004','MANOHAR KUMAR',40,'M','3456789004','xyz','9999999999999996','Bhuvasan','Bhuvasan'),
('123456789005','YASH THAKUR',40,'M','3456789005','xyz','9999999999999995','Bhuvasan','Bhuvasan'),
('123456789011','SONIA GANDHI',40,'F','3456789011','xyz','9999999999999994','Sevni','Sevni'),
('123456789012','NEHA JAIN',40,'F','3456789012','xyz','9999999999999993','Sevni','Sevni'),
('123456789013','SHOBHA GUPTA',40,'F','3456789013','xyz','9999999999999992','Sevni','Sevni'),
('123456789014','ADITYA PANDEY',40,'M','3456789014','xyz','9999999999999991','Sevni','Sevni'),
('123456789015','PRAKHAR SHETH',40,'M','3456789015','xyz','9999999999999990','Sevni','Sevni'),
('123456789021','VIKRAM MODI',40,'M','3456789021','xyz','9999999999999989','Lajpor','Lajpor'),
('123456789022','KSHITIJ KAPADIA',40,'M','3456789022','xyz','9999999999999988','Lajpor','Lajpor'),
('123456789023','VIKRAM SINGH',40,'M','3456789023','xyz','9999999999999987','Lajpor','Lajpor'),
('123456789024','PRAKHAR JOSHI',40,'M','3456789024','xyz','9999999999999986','Lajpor','Lajpor'),
('123456789025','SHWETA GUPTA',40,'M','3456789025','xyz','9999999999999985','Lajpor','Lajpor'),
('123456789031','FARHAN ALI',40,'M','3456789031','xyz','9999999999999984','Nani Naroli','Nani Naroli'),
('123456789032','SONIA THAKUR',40,'F','3456789032','xyz','9999999999999983','Nani Naroli','Nani Naroli'),
('123456789033','MOHAK KUMAR',40,'M','3456789033','xyz','9999999999999982','Nani Naroli','Nani Naroli'),
('123456789034','KUBER GAJJAR',40,'M','3456789034','xyz','9999999999999981','Nani Naroli','Nani Naroli'),
('123456789035','SHREYAS MEHTA',40,'M','3456789035','xyz','9999999999999980','Nani Naroli','Nani Naroli'),
('123456789041','ADITYA PANDYA',40,'M','3456789041','xyz','9999999999999979','Umarpada','Umarpada'),
('123456789042','VARTIKA ZARIWALA',40,'F','3456789042','xyz','9999999999999978','Umarpada','Umarpada'),
('123456789043','FULLARA AMBANI',40,'F','3456789043','xyz','9999999999999977','Umarpada','Umarpada'),
('123456789044','HETVI ACHARYA',40,'F','3456789044','xyz','9999999999999976','Umarpada','Umarpada'),
('123456789045','JAMINI CHOWDHURY',40,'F','3456789045','xyz','9999999999999975','Umarpada','Umarpada'),
('123456789101','RAHUL DAVE',40,'M','3456789101','xyz','9999999999999974','Bharapar Dufiwali','Bharapar Dufiwali'),
('123456789102','JOSHIL DESAI',40,'M','3456789102','xyz','9999999999999973','Bharapar Dufiwali','Bharapar Dufiwali'),
('123456789103','RAHUL THAKUR',40,'M','3456789103','xyz','9999999999999972','Bharapar Dufiwali','Bharapar Dufiwali'),
('123456789104','PRAKHAR SINGH',40,'M','3456789104','xyz','9999999999999971','Bharapar Dufiwali','Bharapar Dufiwali'),
('123456789105','NEHA JAIN',40,'F','3456789105','xyz','9999999999999970','Bharapar Dufiwali','Bharapar Dufiwali'),
('123456789111','FATIMA ANSARI',40,'F','345678111','xyz','9999999999999969','Khavda','Khavda'),
('123456789112','ZAHIDA KHAN',40,'F','345678112','xyz','9999999999999968','Khavda','Khavda'),
('123456789113','HAMIDA REHMAN',40,'F','345678113','xyz','9999999999999967','Khavda','Khavda'),
('123456789114','IKHLAS ALI',40,'M','345678114','xyz','9999999999999966','Khavda','Khavda'),
('123456789115','ADITYA GUPTA',40,'M','345678115','xyz','9999999999999965','Khavda','Khavda'),
('123456789121','ADITYA SINGH',40,'M','345678121','xyz','9999999999999964','Madhapar','Madhapar'),
('123456789122','ADITYA THAKUR',40,'M','345678122','xyz','9999999999999963','Madhapar','Madhapar'),
('123456789123','MINAXI GANJAWALA',40,'F','345678123','xyz','9999999999999962','Madhapar','Madhapar'),
('123456789124','MUNJAL MISTRY',40,'F','345678124','xyz','9999999999999961','Madhapar','Madhapar'),
('123456789125','VARTIKA PATEL',40,'F','345678125','xyz','9999999999999960','Madhapar','Madhapar'),
('123456789131','RAHUL GANDHI',40,'M','345678131','xyz','9999999999999959','Mundra','Mundra'),
('123456789132','HARSHIL POPAT',40,'M','345678132','xyz','9999999999999958','Mundra','Mundra'),
('123456789133','DIVYANSH POPAT',40,'M','345678133','xyz','9999999999999957','Mundra','Mundra'),
('123456789134','YASH SHROFF',40,'M','345678134','xyz','9999999999999956','Mundra','Mundra'),
('123456789135','SHWETA YADAV',40,'F','345678135','xyz','9999999999999954','Mundra','Mundra'),
('123456789141','SUDHANSHU TRIPATHI',40,'M','345678141','xyz','9999999999999953','Nakhatrana','Nakhatrana'),
('123456789142','MADHAV VYAS',40,'M','345678142','xyz','9999999999999952','Nakhatrana','Nakhatrana'),
('123456789143','MOHAK DESAI',40,'M','345678143','xyz','9999999999999951','Nakhatrana','Nakhatrana'),
('123456789144','VIKRAM SINGH',40,'M','345678144','xyz','9999999999999950','Nakhatrana','Nakhatrana'),
('123456789145','HARSH THAKUR',40,'M','345678145','xyz','9999999999999949','Nakhatrana','Nakhatrana'),
('123456789201','KSHITIJ YADAV',40,'M','345678201','xyz','9999999999999948','Bhadran','Bhadran'),
('123456789202','NEHA CHOWDHURY',40,'F','345678202','xyz','9999999999999947','Bhadran','Bhadran'),
('123456789203','HAMIDA ALI',40,'F','345678203','xyz','9999999999999946','Bhadran','Bhadran'),
('123456789204','MUKUND SHETH',40,'M','345678204','xyz','9999999999999945','Bhadran','Bhadran'),
('123456789205','PRAKHAR GANJAWALA',40,'M','345678205','xyz','9999999999999944','Bhadran','Bhadran'),
('123456789211','ANIRUDH PATEL',40,'M','345678211','xyz','9999999999999943','Changa','Changa'),
('123456789212','POORVI PARIKH',40,'F','345678212','xyz','9999999999999942','Changa','Changa'),
('123456789213','MOHAMMED IKHLAS KHAN',40,'M','345678213','xyz','9999999999999941','Changa','Changa'),
('123456789214','DIVYANSH PATEL',40,'M','345678214','xyz','9999999999999940','Changa','Changa'),
('123456789215','NARASHIMHA LAKHANI',40,'M','345678215','xyz','9999999999999939','Changa','Changa'),
('123456789221','SANSKAR ZARIWALA',40,'M','345678221','xyz','9999999999999938','Isnav','Isnav'),
('123456789222','VIKRAM CHOWDHURY',40,'M','345678222','xyz','9999999999999937','Isnav','Isnav'),
('123456789223','SHWETA YADAV',40,'F','345678223','xyz','9999999999999936','Isnav','Isnav'),
('123456789224','SONIA YADAV',40,'F','345678224','xyz','9999999999999935','Isnav','Isnav'),
('123456789225','ADITYA SHARMA',40,'M','345678225','xyz','9999999999999934','Isnav','Isnav'),
('123456789231','RAHUL TRIPATHI',40,'M','345678231','xyz','9999999999999933','Lunej','Lunej'),
('123456789232','NEHA SINGH',40,'F','345678232','xyz','9999999999999932','Lunej','Lunej'),
('123456789233','MOHAK AMBANI',40,'M','345678233','xyz','9999999999999931','Lunej','Lunej'),
('123456789234','PRAKHAR PATEL',40,'M','345678234','xyz','9999999999999930','Lunej','Lunej'),
('123456789235','SHREYAS GUJJAR',40,'M','345678235','xyz','9999999999999929','Lunej','Lunej'),
('123456789241','FARHAN ALI',40,'M','3456789241','xyz','9999999999999928','Vatav','Vatav'),
('123456789242','DEV SINGH',40,'M','345678242','xyz','9999999999999927','Vatav','Vatav'),
('123456789243','RITI CHOWDHURY',40,'F','345678243','xyz','9999999999999926','Vatav','Vatav'),
('123456789244','SHUDHANSHU MITTAL',40,'M','345678244','xyz','9999999999999925','Vatav','Vatav'),
('123456789245','ASHUTOSH PATEL',40,'M','345678245','xyz','9999999999999924','Vatav','Vatav'),
('123456780001','AJAY DEVGN',40,'M','3456780001','xyz','9999999999999923','Bhuvasan','Surat'),
('123456780002','RANBIR KAPOOR',40,'M','3456780002','xyz','9999999999999922','Sevni','Surat'),
('123456780003','KAREENA KAPOOR',40,'F','3456780003','xyz','9999999999999921','Nani Naroli','Surat'),
('123456780004','SHAHRUKH KHAN',40,'M','3456780004','xyz','9999999999999920','Umarpada','Surat'),
('123456780005','SALMAN KHAN',40,'M','3456780005','xyz','9999999999999919','Lajpor','Surat'),
('123456780006','AMIR KHAN',40,'M','3456780006','xyz','9999999999999918','Bhuvasan','Surat'),
('123456780007','AKSHAY KUMAR',40,'M','3456780007','xyz','9999999999999917','Lajpor','Surat'),
('123456780008','ABHISHEK BACHAN',40,'M','3456780008','xyz','9999999999999916','Sevni','Surat'),
('123456780009','PRIYANKA CHOPRA',40,'F','3456780009','xyz','9999999999999915','Umarpada','Surat'),
('123456780010','RANVEER SINGH',40,'M','3456780010','xyz','9999999999999914','Nani Naroli','Surat'),
('123456780011','HRITIK ROSHAN',40,'M','3456780011','xyz','9999999999999913','Bharapar Dufiwali','Kutch'),
('123456780012','ALIA BHATT',40,'F','3456780012','xyz','9999999999999912','Khavda','Kutch'),
('123456780013','SAIF ALI KHAN',40,'M','3456780013','xyz','9999999999999911','Madhapur','Kutch'),
('123456780014','SANJAY DUTT',40,'M','3456780014','xyz','9999999999999910','Mundra','Kutch'),
('123456780015','SHAHID KAPOOR',40,'M','3456780015','xyz','9999999999999909','Nakhatrana','Kutch'),
('123456780016','AMITABH BACHAN',40,'M','3456780016','xyz','9999999999999908','Bharapar Dufiwali','Kutch'),
('123456780017','VARUN DHAWAN',40,'M','3456780017','xyz','9999999999999907','Khavda','Kutch'),
('123456780018','ANIL KAPOOR',40,'M','3456780018','xyz','9999999999999906','Madhapur','Kutch'),
('123456780019','FARHAN AKHTAR',40,'M','3456780019','xyz','9999999999999905','Mundra','Kutch'),
('123456780020','SIDDHARTH MALHOTRA',40,'M','3456780020','xyz','9999999999999904','Nakhatrana','Kutch'),
('123456780021','SUNNY DEOL',40,'M','3456780021','xyz','9999999999999903','Bhadran','Anand City'),
('123456780022','ARJUN KAPOOR',40,'M','3456780022','xyz','9999999999999902','Vatav','Anand City'),
('123456780023','JACKIE SHROFF',40,'M','3456780023','xyz','9999999999999901','Vatav','Anand City'),
('123456780024','TIGER SHROFF',40,'M','3456780024','xyz','9999999999999900','Vatav','Anand City'),
('123456780025','SONU SOOD',40,'M','3456780025','xyz','9999999999999899','Vatav','Anand City'),
('123456780026','SAIF ALI KHAN',40,'M','3456780026','xyz','9999999999999898','Vatav','Anand City'),
('123456780027','JOHN ABRAHAM',40,'M','3456780027','xyz','9999999999999897','Vatav','Anand City'),
('123456780028','RAJKUMMAR RAO',40,'M','3456780028','xyz','9999999999999896','Changa','Anand City'),
('123456780029','KATRINA KAIF',40,'F','3456780029','xyz','9999999999999895','Isnav','Anand City'),
('123456780030','KANGANA RANAUT',40,'F','3456780030','xyz','9999999999999894','Lunej','Anand City'),
('123456790001','DISHA PATANI',40,'M','3456790001','xyz','9999999999999893','Bhuvasan','Surat'),
('123456790002','SHILPA SHETTY',40,'F','3456790002','xyz','9999999999999892','Bhuvasan','Surat'),
('123456790003','AISHWARYA RAI BACHAN',40,'F','3456790003','xyz','9999999999999891','Bhuvasan','Surat'),
('123456790004','VIDYA BALAN',40,'F','3456790004','xyz','9999999999999890','Nani Naroli','Surat'),
('123456790005','SONAKSHI SINHA',40,'F','3456790005','xyz','9999999999999889','Umarpada','Surat'),
('123456790006','KAJOL',40,'F','3456790006','xyz','9999999999999887','Bharapar Dufiwali','Kutch'),
('123456790007','VIVEK OBEROI',40,'M','3456790007','xyz','9999999999999886','Bharapar Dufiwali','Kutch'),
('123456790008','JIMMY SHEIRGILL',40,'M','3456790008','xyz','9999999999999885','Bharapar Dufiwali','Kutch'),
('123456790009','AYUSHMANN KHURANA',40,'M','3456790009','xyz','9999999999999884','Bharapar Dufiwali','Kutch'),
('123456790010','MANOJ BAJPAYEE',40,'M','3456790010','xyz','9999999999999883','Bharapar Dufiwali','Kutch'),
('123456790011','NANA PATEKAR',40,'M','3456790011','xyz','9999999999999882','Anand City','Anand City'),
('123456790012','DEEPIKA PADUKONE',40,'F','3456790012','xyz','9999999999999881','Anand City','Anand City'),
('123456790013','SONAM KAPOOR',40,'F','3456790013','xyz','9999999999999880','Anand City','Anand City'),
('123456790014','MADHURI DIXIT',40,'F','3456790014','xyz','9999999999999879','Anand City','Anand City'),
('123456790015','ANUSHKA SHARMA',40,'F','3456790015','xyz','9999999999999878','Anand City','Anand City'),
('123456710001','PRATUL ADHARVYU',40,'M','3456710001','xyz','9999999999999877','Surat','Bhuvasan'),
('123456710002','PINAL CHOKSI',40,'F','3456710002','xyz','9999999999999876','Surat','Sevni'),
('123456710003','SUDARSINI DALAL',40,'F','3456710003','xyz','9999999999999875','Surat','Lajpor'),
('123456710004','TANISHKA JAIN',40,'F','3456710004','xyz','9999999999999874','Surat','Nani Naroli'),
('123456710005','VEDANG PATEL',40,'M','3456710005','xyz','9999999999999873','Surat','Umarpada'),
('123456710006','DHAWAL KOTECHA',40,'M','3456710006','xyz','9999999999999872','Kutch','Kutch'),
('123456710007','JAGDISH MODI',40,'M','3456710007','xyz','9999999999999871','Kutch','Kutch'),
('123456710008','KRISHNA JAIN',40,'M','3456710008','xyz','9999999999999870','Kutch','Kutch'),
('123456710009','PREETESH CHAUHAN',40,'M','3456710009','xyz','9999999999999869','Kutch','Kutch'),
('123456710010','PRIYADARSHI DIXIT',40,'F','3456710010','xyz','9999999999999868','Kutch','Kutch'),
('123456710011','AGAM CHOWDHURY',40,'M','3456710011','xyz','9999999999999867','Anand City','Bhadran'),
('123456710012','AMIT LAL SINGH YADAV',40,'M','3456710012','xyz','9999999999999866','Anand City','Changa'),
('123456710013','BALCHANDRA MEHTA',40,'M','3456710013','xyz','9999999999999865','Anand City','Isnav'),
('123456710014','CHANDRA NAIK',40,'M','3456710014','xyz','9999999999999864','Anand City','Lunej'),
('123456710015','CHINTAN AGARWAL',40,'M','3456710015','xyz','9999999999999863','Anand City','Vatav');
