
USE All_Levels;

SET AUTOCOMMIT=0;
insert into Part_Of values('VDL001','GUJSUR');
insert into Part_Of values('VDL002','GUJSUR');
insert into Part_Of values('VDL003','GUJSUR');
insert into Part_Of values('VDL004','GUJSUR');
insert into Part_Of values('VDL005','GUJSUR');
insert into Part_Of values('VDL006','GUJKUT');
insert into Part_Of values('VDL007','GUJKUT');
insert into Part_Of values('VDL008','GUJKUT');
insert into Part_Of values('VDL009','GUJKUT');
insert into Part_Of values('VDL010','GUJKUT');
insert into Part_Of values('VDL011','GUJAND');
insert into Part_Of values('VDL012','GUJAND');
insert into Part_Of values('VDL013','GUJAND');
insert into Part_Of values('VDL014','GUJAND');
insert into Part_Of values('VDL015','GUJAND');
COMMIT;

SET AUTOCOMMIT=0;
insert into Dairy_Farmer_Possesses values('FIC001','123456789001');
insert into Dairy_Farmer_Possesses values('FIC002','123456789002');
insert into Dairy_Farmer_Possesses values('FIC003','123456789003');
insert into Dairy_Farmer_Possesses values('FIC004','123456789004');
insert into Dairy_Farmer_Possesses values('FIC005','123456789005');
insert into Dairy_Farmer_Possesses values('FIC011','123456789011');
insert into Dairy_Farmer_Possesses values('FIC012','123456789012');
insert into Dairy_Farmer_Possesses values('FIC013','123456789013');
insert into Dairy_Farmer_Possesses values('FIC014','123456789014');
insert into Dairy_Farmer_Possesses values('FIC015','123456789015');
insert into Dairy_Farmer_Possesses values('FIC021','123456789021');
insert into Dairy_Farmer_Possesses values('FIC022','123456789022');
insert into Dairy_Farmer_Possesses values('FIC023','123456789023');
insert into Dairy_Farmer_Possesses values('FIC024','123456789024');
insert into Dairy_Farmer_Possesses values('FIC025','123456789025');
insert into Dairy_Farmer_Possesses values('FIC031','123456789031');
insert into Dairy_Farmer_Possesses values('FIC032','123456789032');
insert into Dairy_Farmer_Possesses values('FIC033','123456789033');
insert into Dairy_Farmer_Possesses values('FIC034','123456789034');
insert into Dairy_Farmer_Possesses values('FIC035','123456789035');
insert into Dairy_Farmer_Possesses values('FIC041','123456789041');
insert into Dairy_Farmer_Possesses values('FIC042','123456789042');
insert into Dairy_Farmer_Possesses values('FIC043','123456789043');
insert into Dairy_Farmer_Possesses values('FIC044','123456789044');
insert into Dairy_Farmer_Possesses values('FIC045','123456789045');
insert into Dairy_Farmer_Possesses values('FIC101','123456789101');
insert into Dairy_Farmer_Possesses values('FIC102','123456789102');
insert into Dairy_Farmer_Possesses values('FIC103','123456789103');
insert into Dairy_Farmer_Possesses values('FIC104','123456789104');
insert into Dairy_Farmer_Possesses values('FIC105','123456789105');
insert into Dairy_Farmer_Possesses values('FIC111','123456789111');
insert into Dairy_Farmer_Possesses values('FIC112','123456789112');
insert into Dairy_Farmer_Possesses values('FIC113','123456789113');
insert into Dairy_Farmer_Possesses values('FIC114','123456789114');
insert into Dairy_Farmer_Possesses values('FIC115','123456789115');
insert into Dairy_Farmer_Possesses values('FIC121','123456789121');
insert into Dairy_Farmer_Possesses values('FIC122','123456789122');
insert into Dairy_Farmer_Possesses values('FIC123','123456789123');
insert into Dairy_Farmer_Possesses values('FIC124','123456789124');
insert into Dairy_Farmer_Possesses values('FIC125','123456789125');
insert into Dairy_Farmer_Possesses values('FIC131','123456789131');
insert into Dairy_Farmer_Possesses values('FIC132','123456789132');
insert into Dairy_Farmer_Possesses values('FIC133','123456789133');
insert into Dairy_Farmer_Possesses values('FIC134','123456789134');
insert into Dairy_Farmer_Possesses values('FIC135','123456789135');
insert into Dairy_Farmer_Possesses values('FIC141','123456789141');
insert into Dairy_Farmer_Possesses values('FIC142','123456789142');
insert into Dairy_Farmer_Possesses values('FIC143','123456789143');
insert into Dairy_Farmer_Possesses values('FIC144','123456789144');
insert into Dairy_Farmer_Possesses values('FIC145','123456789145');
insert into Dairy_Farmer_Possesses values('FIC201','123456789201');
insert into Dairy_Farmer_Possesses values('FIC202','123456789202');
insert into Dairy_Farmer_Possesses values('FIC203','123456789203');
insert into Dairy_Farmer_Possesses values('FIC204','123456789204');
insert into Dairy_Farmer_Possesses values('FIC205','123456789205');
insert into Dairy_Farmer_Possesses values('FIC211','123456789211');
insert into Dairy_Farmer_Possesses values('FIC212','123456789212');
insert into Dairy_Farmer_Possesses values('FIC213','123456789213');
insert into Dairy_Farmer_Possesses values('FIC214','123456789214');
insert into Dairy_Farmer_Possesses values('FIC215','123456789215');
insert into Dairy_Farmer_Possesses values('FIC221','123456789221');
insert into Dairy_Farmer_Possesses values('FIC222','123456789222');
insert into Dairy_Farmer_Possesses values('FIC223','123456789223');
insert into Dairy_Farmer_Possesses values('FIC224','123456789224');
insert into Dairy_Farmer_Possesses values('FIC225','123456789225');
insert into Dairy_Farmer_Possesses values('FIC231','123456789231');
insert into Dairy_Farmer_Possesses values('FIC232','123456789232');
insert into Dairy_Farmer_Possesses values('FIC233','123456789233');
insert into Dairy_Farmer_Possesses values('FIC234','123456789234');
insert into Dairy_Farmer_Possesses values('FIC235','123456789235');
insert into Dairy_Farmer_Possesses values('FIC241','123456789241');
insert into Dairy_Farmer_Possesses values('FIC242','123456789242');
insert into Dairy_Farmer_Possesses values('FIC243','123456789243');
insert into Dairy_Farmer_Possesses values('FIC244','123456789244');
insert into Dairy_Farmer_Possesses values('FIC245','123456789245');
COMMIT;

SET AUTOCOMMIT=0;
insert into DF_Works_Under_VDCS values('FIC001','SURBVS');
insert into DF_Works_Under_VDCS values('FIC002','SURBVS');
insert into DF_Works_Under_VDCS values('FIC003','SURBVS');
insert into DF_Works_Under_VDCS values('FIC004','SURBVS');
insert into DF_Works_Under_VDCS values('FIC005','SURBVS');
insert into DF_Works_Under_VDCS values('FIC011','SURSVN');
insert into DF_Works_Under_VDCS values('FIC012','SURSVN');
insert into DF_Works_Under_VDCS values('FIC013','SURSVN');
insert into DF_Works_Under_VDCS values('FIC014','SURSVN');
insert into DF_Works_Under_VDCS values('FIC015','SURSVN');
insert into DF_Works_Under_VDCS values('FIC021','SURLJP');
insert into DF_Works_Under_VDCS values('FIC022','SURLJP');
insert into DF_Works_Under_VDCS values('FIC023','SURLJP');
insert into DF_Works_Under_VDCS values('FIC024','SURLJP');
insert into DF_Works_Under_VDCS values('FIC025','SURLJP');
insert into DF_Works_Under_VDCS values('FIC031','SURNNN');
insert into DF_Works_Under_VDCS values('FIC032','SURNNN');
insert into DF_Works_Under_VDCS values('FIC033','SURNNN');
insert into DF_Works_Under_VDCS values('FIC034','SURNNN');
insert into DF_Works_Under_VDCS values('FIC035','SURNNN');
insert into DF_Works_Under_VDCS values('FIC041','SURUMP');
insert into DF_Works_Under_VDCS values('FIC042','SURUMP');
insert into DF_Works_Under_VDCS values('FIC043','SURUMP');
insert into DF_Works_Under_VDCS values('FIC044','SURUMP');
insert into DF_Works_Under_VDCS values('FIC045','SURUMP');
insert into DF_Works_Under_VDCS values('FIC101','KUTBPD');
insert into DF_Works_Under_VDCS values('FIC102','KUTBPD');
insert into DF_Works_Under_VDCS values('FIC103','KUTBPD');
insert into DF_Works_Under_VDCS values('FIC104','KUTBPD');
insert into DF_Works_Under_VDCS values('FIC105','KUTBPD');
insert into DF_Works_Under_VDCS values('FIC111','KUTKVD');
insert into DF_Works_Under_VDCS values('FIC112','KUTKVD');
insert into DF_Works_Under_VDCS values('FIC113','KUTKVD');
insert into DF_Works_Under_VDCS values('FIC114','KUTKVD');
insert into DF_Works_Under_VDCS values('FIC115','KUTKVD');
insert into DF_Works_Under_VDCS values('FIC121','KUTMDP');
insert into DF_Works_Under_VDCS values('FIC122','KUTMDP');
insert into DF_Works_Under_VDCS values('FIC123','KUTMDP');
insert into DF_Works_Under_VDCS values('FIC124','KUTMDP');
insert into DF_Works_Under_VDCS values('FIC125','KUTMDP');
insert into DF_Works_Under_VDCS values('FIC131','KUTMND');
insert into DF_Works_Under_VDCS values('FIC132','KUTMND');
insert into DF_Works_Under_VDCS values('FIC133','KUTMND');
insert into DF_Works_Under_VDCS values('FIC134','KUTMND');
insert into DF_Works_Under_VDCS values('FIC135','KUTMND');
insert into DF_Works_Under_VDCS values('FIC141','KUTNKT');
insert into DF_Works_Under_VDCS values('FIC142','KUTNKT');
insert into DF_Works_Under_VDCS values('FIC143','KUTNKT');
insert into DF_Works_Under_VDCS values('FIC144','KUTNKT');
insert into DF_Works_Under_VDCS values('FIC145','KUTNKT');
insert into DF_Works_Under_VDCS values('FIC201','ANDBDR');
insert into DF_Works_Under_VDCS values('FIC202','ANDBDR');
insert into DF_Works_Under_VDCS values('FIC203','ANDBDR');
insert into DF_Works_Under_VDCS values('FIC204','ANDBDR');
insert into DF_Works_Under_VDCS values('FIC205','ANDBDR');
insert into DF_Works_Under_VDCS values('FIC211','ANDCNG');
insert into DF_Works_Under_VDCS values('FIC212','ANDCNG');
insert into DF_Works_Under_VDCS values('FIC213','ANDCNG');
insert into DF_Works_Under_VDCS values('FIC214','ANDCNG');
insert into DF_Works_Under_VDCS values('FIC215','ANDCNG');
insert into DF_Works_Under_VDCS values('FIC221','ANDISN');
insert into DF_Works_Under_VDCS values('FIC222','ANDISN');
insert into DF_Works_Under_VDCS values('FIC223','ANDISN');
insert into DF_Works_Under_VDCS values('FIC224','ANDISN');
insert into DF_Works_Under_VDCS values('FIC225','ANDISN');
insert into DF_Works_Under_VDCS values('FIC231','ANDLNJ');
insert into DF_Works_Under_VDCS values('FIC232','ANDLNJ');
insert into DF_Works_Under_VDCS values('FIC233','ANDLNJ');
insert into DF_Works_Under_VDCS values('FIC234','ANDLNJ');
insert into DF_Works_Under_VDCS values('FIC235','ANDLNJ');
insert into DF_Works_Under_VDCS values('FIC241','ANDVTV');
insert into DF_Works_Under_VDCS values('FIC242','ANDVTV');
insert into DF_Works_Under_VDCS values('FIC243','ANDVTV');
insert into DF_Works_Under_VDCS values('FIC244','ANDVTV');
insert into DF_Works_Under_VDCS values('FIC245','ANDVTV');
COMMIT;


SET AUTOCOMMIT=0;
insert into DMU_Works_Under_SMF values('GUJSUR','GUJ');
insert into DMU_Works_Under_SMF values('GUJKUT','GUJ');
insert into DMU_Works_Under_SMF values('GUJAND','GUJ');
COMMIT;


SET AUTOCOMMIT=0;
insert into PW_Possesses values('PW001','123456780001');
insert into PW_Possesses values('PW002','123456780002');
insert into PW_Possesses values('PW003','123456780003');
insert into PW_Possesses values('PW004','123456780004');
insert into PW_Possesses values('PW005','123456780005');
insert into PW_Possesses values('PW006','123456780006');
insert into PW_Possesses values('PW007','123456780007');
insert into PW_Possesses values('PW008','123456780008');
insert into PW_Possesses values('PW009','123456780009');
insert into PW_Possesses values('PW010','123456780010');
insert into PW_Possesses values('PW011','123456780011');
insert into PW_Possesses values('PW012','123456780012');
insert into PW_Possesses values('PW013','123456780013');
insert into PW_Possesses values('PW014','123456780014');
insert into PW_Possesses values('PW015','123456780015');
insert into PW_Possesses values('PW016','123456780016');
insert into PW_Possesses values('PW017','123456780017');
insert into PW_Possesses values('PW018','123456780018');
insert into PW_Possesses values('PW019','123456780019');
insert into PW_Possesses values('PW020','123456780020');
insert into PW_Possesses values('PW021','123456780021');
insert into PW_Possesses values('PW022','123456780022');
insert into PW_Possesses values('PW023','123456780023');
insert into PW_Possesses values('PW024','123456780024');
insert into PW_Possesses values('PW025','123456780025');
insert into PW_Possesses values('PW026','123456780026');
insert into PW_Possesses values('PW027','123456780027');
insert into PW_Possesses values('PW028','123456780028');
insert into PW_Possesses values('PW029','123456780029');
insert into PW_Possesses values('PW030','123456780030');
COMMIT;

SET AUTOCOMMIT=0;
insert into Sells values('BAT0000001','GUJ');
insert into Sells values('BAT0000002','GUJ');
insert into Sells values('BAT0000003','GUJ');
insert into Sells values('BAT0000004','GUJ');
insert into Sells values('BAT0000005','GUJ');
insert into Sells values('BAT0000006','GUJ');
COMMIT;

SET AUTOCOMMIT=0;
insert into VAHP_Possesses values('VAH001','123456790001');
insert into VAHP_Possesses values('VAH002','123456790002');
insert into VAHP_Possesses values('VAH003','123456790003');
insert into VAHP_Possesses values('VAH004','123456790004');
insert into VAHP_Possesses values('VAH005','123456790005');
insert into VAHP_Possesses values('VAH006','123456790006');
insert into VAHP_Possesses values('VAH007','123456790007');
insert into VAHP_Possesses values('VAH008','123456790008');
insert into VAHP_Possesses values('VAH009','123456790009');
insert into VAHP_Possesses values('VAH010','123456790010');
insert into VAHP_Possesses values('VAH011','123456790011');
insert into VAHP_Possesses values('VAH012','123456790012');
insert into VAHP_Possesses values('VAH013','123456790013');
insert into VAHP_Possesses values('VAH014','123456790014');
insert into VAHP_Possesses values('VAH015','123456790015');
COMMIT;

SET AUTOCOMMIT=0;
insert into VDCS_Works_Under_DMU values('SURBVS','GUJSUR');
insert into VDCS_Works_Under_DMU values('SURSVN','GUJSUR');
insert into VDCS_Works_Under_DMU values('SURLJP','GUJSUR');
insert into VDCS_Works_Under_DMU values('SURNNN','GUJSUR');
insert into VDCS_Works_Under_DMU values('SURUMP','GUJSUR');
insert into VDCS_Works_Under_DMU values('KUTBPD','GUJKUT');
insert into VDCS_Works_Under_DMU values('KUTKVD','GUJKUT');
insert into VDCS_Works_Under_DMU values('KUTMDP','GUJKUT');
insert into VDCS_Works_Under_DMU values('KUTMND','GUJKUT');
insert into VDCS_Works_Under_DMU values('KUTNKT','GUJKUT');
insert into VDCS_Works_Under_DMU values('ANDBDR','GUJAND');
insert into VDCS_Works_Under_DMU values('ANDCNG','GUJAND');
insert into VDCS_Works_Under_DMU values('ANDISN','GUJAND');
insert into VDCS_Works_Under_DMU values('ANDLNJ','GUJAND');
insert into VDCS_Works_Under_DMU values('ANDVTV','GUJAND');
COMMIT;


SET AUTOCOMMIT=0;
insert into VDCSL_Possesses values('VDL001','123456710001');
insert into VDCSL_Possesses values('VDL002','123456710002');
insert into VDCSL_Possesses values('VDL003','123456710003');
insert into VDCSL_Possesses values('VDL004','123456710004');
insert into VDCSL_Possesses values('VDL005','123456710005');
insert into VDCSL_Possesses values('VDL006','123456710006');
insert into VDCSL_Possesses values('VDL007','123456710007');
insert into VDCSL_Possesses values('VDL008','123456710008');
insert into VDCSL_Possesses values('VDL009','123456710009');
insert into VDCSL_Possesses values('VDL010','123456710010');
insert into VDCSL_Possesses values('VDL011','123456710011');
insert into VDCSL_Possesses values('VDL012','123456710012');
insert into VDCSL_Possesses values('VDL013','123456710013');
insert into VDCSL_Possesses values('VDL014','123456710014');
insert into VDCSL_Possesses values('VDL015','123456710015');
COMMIT;


SET AUTOCOMMIT=0;
insert into Works_Here values('VAH001','SURBVS');
insert into Works_Here values('VAH002','SURSVN');
insert into Works_Here values('VAH003','SURLJP');
insert into Works_Here values('VAH004','SURNNN');
insert into Works_Here values('VAH005','SURUMP');
insert into Works_Here values('VAH006','KUTBPD');
insert into Works_Here values('VAH007','KUTKVD');
insert into Works_Here values('VAH008','KUTMDP');
insert into Works_Here values('VAH009','KUTMND');
insert into Works_Here values('VAH010','KUTNKT');
insert into Works_Here values('VAH011','ANDBDR');
insert into Works_Here values('VAH012','ANDCNG');
insert into Works_Here values('VAH013','ANDISN');
insert into Works_Here values('VAH014','ANDLNJ');
insert into Works_Here values('VAH015','ANDVTV');
COMMIT;


SET AUTOCOMMIT=0;
insert into Elects values('FIC001','VDL001');
insert into Elects values('FIC002','VDL001');
insert into Elects values('FIC003','VDL001');
insert into Elects values('FIC004','VDL001');
insert into Elects values('FIC005',NULL);
insert into Elects values('FIC011','VDL002');
insert into Elects values('FIC012','VDL002');
insert into Elects values('FIC013','VDL002');
insert into Elects values('FIC014','VDL002');
insert into Elects values('FIC015',NULL);
insert into Elects values('FIC021','VDL003');
insert into Elects values('FIC022','VDL003');
insert into Elects values('FIC023','VDL003');
insert into Elects values('FIC024','VDL003');
insert into Elects values('FIC025',NULL);
insert into Elects values('FIC031','VDL004');
insert into Elects values('FIC032','VDL004');
insert into Elects values('FIC033','VDL004');
insert into Elects values('FIC034','VDL004');
insert into Elects values('FIC035',NULL);
insert into Elects values('FIC041','VDL005');
insert into Elects values('FIC042','VDL005');
insert into Elects values('FIC043','VDL005');
insert into Elects values('FIC044','VDL005');
insert into Elects values('FIC045',NULL);
insert into Elects values('FIC101','VDL006');
insert into Elects values('FIC102','VDL006');
insert into Elects values('FIC103','VDL006');
insert into Elects values('FIC104','VDL006');
insert into Elects values('FIC105',NULL);
insert into Elects values('FIC111','VDL007');
insert into Elects values('FIC112','VDL007');
insert into Elects values('FIC113','VDL007');
insert into Elects values('FIC114','VDL007');
insert into Elects values('FIC115',NULL);
insert into Elects values('FIC121','VDL008');
insert into Elects values('FIC122','VDL008');
insert into Elects values('FIC123','VDL008');
insert into Elects values('FIC124','VDL008');
insert into Elects values('FIC125',NULL);
insert into Elects values('FIC131','VDL009');
insert into Elects values('FIC132','VDL009');
insert into Elects values('FIC133','VDL009');
insert into Elects values('FIC134','VDL009');
insert into Elects values('FIC135',NULL);
insert into Elects values('FIC141','VDL010');
insert into Elects values('FIC142','VDL010');
insert into Elects values('FIC143','VDL010');
insert into Elects values('FIC144','VDL010');
insert into Elects values('FIC145',NULL);
insert into Elects values('FIC201','VDL011');
insert into Elects values('FIC202','VDL011');
insert into Elects values('FIC203','VDL011');
insert into Elects values('FIC204','VDL011');
insert into Elects values('FIC205',NULL);
insert into Elects values('FIC211','VDL012');
insert into Elects values('FIC212','VDL012');
insert into Elects values('FIC213','VDL012');
insert into Elects values('FIC214','VDL012');
insert into Elects values('FIC215',NULL);
insert into Elects values('FIC221','VDL013');
insert into Elects values('FIC222','VDL013');
insert into Elects values('FIC223','VDL013');
insert into Elects values('FIC224','VDL013');
insert into Elects values('FIC225',NULL);
insert into Elects values('FIC231','VDL014');
insert into Elects values('FIC232','VDL014');
insert into Elects values('FIC233','VDL014');
insert into Elects values('FIC234','VDL014');
insert into Elects values('FIC235',NULL);
insert into Elects values('FIC241','VDL015');
insert into Elects values('FIC242','VDL015');
insert into Elects values('FIC243','VDL015');
insert into Elects values('FIC244','VDL015');
insert into Elects values('FIC245',NULL);
COMMIT;








